INSERT INTO "genres" VALUES ('44d699e9-9801-4997-bff9-5ec063dcec79', 'POP');
INSERT INTO "genres" VALUES ('bb17c74a-e2e3-41fa-abbb-c32664a98520', 'Heavy Metal');

INSERT INTO "artists" VALUES ('96b96190-4717-4e6b-aaf1-0e5905fe4b60', 'Metric');
INSERT INTO "artists" VALUES ('2e8a5008-5d7d-4315-bcee-fa06b7a68dac', 'Shinedown');
INSERT INTO "artists" VALUES ('141e9cce-824b-43d8-89ca-88bf6da06eaf', 'Halestorm');

INSERT INTO "albums" VALUES ('5936ca03-f97f-494e-aa15-0ca213158f62', 'Formentera', '96b96190-4717-4e6b-aaf1-0e5905fe4b60');
INSERT INTO "albums" VALUES ('b2d9f056-9665-4ae7-8bff-83320242abb4', 'PLANET ZERO', '2e8a5008-5d7d-4315-bcee-fa06b7a68dac');
INSERT INTO "albums" VALUES ('dfa64289-b3b3-4cf4-af2b-f14305cb33f8', 'Back From The Dead', '141e9cce-824b-43d8-89ca-88bf6da06eaf');

INSERT INTO "tracks" VALUES ('2e342b9f-96eb-42c5-8242-09ed71353497', 'Doomscroller', '44d699e9-9801-4997-bff9-5ec063dcec79', '5936ca03-f97f-494e-aa15-0ca213158f62');
INSERT INTO "tracks" VALUES ('809ec4c5-16a6-4654-bf23-5db6645e9998', 'All Comes Crashing', '44d699e9-9801-4997-bff9-5ec063dcec79', '5936ca03-f97f-494e-aa15-0ca213158f62');
INSERT INTO "tracks" VALUES ('8890fe09-e9e5-48c8-b8a1-2363def2dbd0', 'I Will Never Settle', '44d699e9-9801-4997-bff9-5ec063dcec79', '5936ca03-f97f-494e-aa15-0ca213158f62');
INSERT INTO "tracks" VALUES ('e473e379-5c9a-4f4a-9e70-346d8ee031a7', 'Welcome', '44d699e9-9801-4997-bff9-5ec063dcec79', 'b2d9f056-9665-4ae7-8bff-83320242abb4');
INSERT INTO "tracks" VALUES ('6fa51666-3cc5-43f8-ab4b-01f8dee5654a', '2184', '44d699e9-9801-4997-bff9-5ec063dcec79', 'b2d9f056-9665-4ae7-8bff-83320242abb4');
INSERT INTO "tracks" VALUES ('61a1316c-5476-40ff-9380-0f8c03bee408', 'Back From The Dead', 'bb17c74a-e2e3-41fa-abbb-c32664a98520', 'dfa64289-b3b3-4cf4-af2b-f14305cb33f8');
INSERT INTO "tracks" VALUES ('20af7735-7044-44c1-b7b6-b60adc55f540', 'Wicked Ways', 'bb17c74a-e2e3-41fa-abbb-c32664a98520', 'dfa64289-b3b3-4cf4-af2b-f14305cb33f8');
INSERT INTO "tracks" VALUES ('361e3bad-d6b1-4eb7-851b-89a593aba3a1', 'Brightside', 'bb17c74a-e2e3-41fa-abbb-c32664a98520', 'dfa64289-b3b3-4cf4-af2b-f14305cb33f8');